Kringle Event UUID,Kringle Event Start Datetime (UTC),AVGVelocity (mps),Data Source,IMPSettlingDistance (m),IMPSettlingTime (s),AVGABSCommandAngle (deg),AVGABSIMPXTE (m),AVGABSRoll (deg),AVGABSSteeringAngle (deg),AVGABSXTE (m),AVGCommandAngle (deg),AVGIMPXTE (m),AVGRoll (deg),AVGSpeed (mps),AVGSpeedkph (kph),AVGSteeringAngle (deg),AVGVelocitykph (kph),AVGXTE (m),Distance (m),Duration (s),MAXABSCommandAngle (deg),MAXABSCommandSlew (dps),MAXABSIMPXTE (m),MAXABSIMPXTE (cm),MAXABSRoll (deg),MAXABSSteeringAngle (deg),MAXABSSteeringSlew (dps),MAXABSXTE (m),MAXIMPXTE (m),MAXXTE (m),MINABSIMPXTE (m),MINABSRoll (deg),MINABSXTE (m),MINIMPXTE (m),MINXTE (m),STDCommandAngle (deg),STDIMPXTE (m),STDRoll (deg),STDSteeringAngle (deg),STDXTE (m),SteeringDelay (deg),SwathType (None)
7beed793-f3b4-4a58-b8a3-b08909ffd357,2026-06-30T17:21:07.850000+00:00,0.538,Run 1 - Magnum_380_run_1_1.25mph_2,0,0,1.365,0.021,0.131,1.456,0.022,-1.365,-0.018,0.057,0.538,1.936,-0.054,1.936,-0.022,31.465,58.55,2.658,1.938,0.036,3.6,0.44,6.747,9.863,0.036,0.019,-0.004,0,0,0.004,-0.036,-0.036,0.444,0.015,0.149,1.849,0.007,1.784,Heading
70af1eea-2259-48b9-a35c-91aefea34a5e,2026-06-30T17:22:07.050000+00:00,0.531,Run 2 - Magnum_380_run_1_1.25mph_3,0,0,1.11,0.017,0.164,1.218,0.013,-1.109,-0.017,-0.019,0.531,1.912,-0.008,1.912,0.006,33.095,62.35,2.261,1.544,0.036,3.6,0.87,5.603,8.534,0.03,0.002,0.03,0,0,0,-0.036,-0.026,0.407,0.012,0.211,1.526,0.013,1.52,Heading
2e7300f7-c59d-4f83-92f8-d672fc4b0ab5,2026-06-30T17:23:55.450000+00:00,1.331,Run 3 - Magnum_380_run_2_3mph_1,0,0,1.419,0.019,0.211,1.162,0.032,-1.12,-0.013,-0.139,1.331,4.791,0.077,4.791,-0.014,80.799,60.8,4.282,4.171,0.049,4.9,0.68,4.701,6.897,0.078,0.03,0.067,0,0,0,-0.049,-0.078,1.279,0.017,0.21,1.473,0.035,1.404,Heading
eb0c6404-228e-4709-b79f-f1818100653b,2026-06-30T17:24:57.350000+00:00,1.326,Run 4 - Magnum_380_run_2_3mph_2,0,0,1.283,0.014,0.171,0.946,0.035,-1.114,0.002,0.134,1.326,4.772,0.005,4.772,0.023,81.198,61.3,4.755,3.76,0.041,4.1,0.51,5.227,5.083,0.1,0.04,0.1,0,0,0,-0.041,-0.069,1.133,0.018,0.148,1.216,0.036,1.262,Heading
25042444-482c-438c-9ed2-aef1723affc8,2026-06-30T17:26:03.150000+00:00,1.327,Run 5 - Magnum_380_run_2_3mph_3,0,0,1.43,0.012,0.217,1.02,0.027,-1.274,0.002,0.185,1.327,4.775,-0.05,4.775,0.018,76.148,57.45,4.066,3.47,0.05,5,0.61,4.347,4.45,0.077,0.05,0.077,0,0,0,-0.026,-0.033,1.125,0.015,0.174,1.27,0.028,1.376,Heading
8f2709f1-3c89-4481-94a1-e6ec8473275d,2026-06-30T17:29:03.500000+00:00,2.731,Run 6 - Magnum_380_run_3_6.2mph_1,0,0,1.408,0.034,0.172,0.608,0.044,-1.4,-0.013,-0.133,2.731,9.831,-0.03,9.831,-0.005,156.476,57.35,3.756,2.191,0.128,12.8,0.6,2.822,2.837,0.163,0.097,0.135,0,0,0,-0.128,-0.163,0.767,0.042,0.165,0.754,0.063,1.385,Heading
79ab7fc2-e528-463f-b8cb-b981230ce6b0,2026-06-30T17:30:24.200000+00:00,2.746,Run 7 - Magnum_380_run_3_6.2mph_2,0,0,1.151,0.023,0.253,0.498,0.037,-1.148,0.005,0.194,2.746,9.886,0.036,9.886,0.028,112.314,40.95,2.403,1.384,0.089,8.9,1.04,2.092,3.018,0.137,0.089,0.137,0,0,0,-0.05,-0.071,0.449,0.031,0.25,0.641,0.04,1.199,Heading
963a3c4e-28ca-486f-b7d3-1ceceb40a939,2026-06-30T17:32:55.550000+00:00,2.753,Run 8 - Magnum_380_run_3_6.2mph_3,0,0,1.199,0.023,0.208,0.61,0.04,-1.184,-0.007,0.007,2.753,9.909,-0.01,9.909,0.023,156.758,57,3.279,2.163,0.064,6.4,0.79,3.345,4.27,0.124,0.06,0.124,0,0,0,-0.064,-0.1,0.66,0.028,0.256,0.79,0.045,1.199,Heading
1e503eee-24c9-4ff1-8491-8fc4a589da34,2026-06-30T17:36:09.450000+00:00,4.012,Run 9 - Magnum_380_run_4_9.2mph_1,0,0,1.2,0.037,0.292,0.531,0.04,-1.199,-0.014,0.197,4.012,14.443,0.003,14.443,0.01,226.47,56.5,2.851,1.671,0.109,10.9,1.08,2.578,3.391,0.137,0.079,0.137,0,0,0,-0.109,-0.13,0.537,0.044,0.303,0.689,0.049,1.247,Heading
6f411c74-abef-4e9a-8d71-814642f0dfa1,2026-06-30T17:38:21+00:00,4.013,Run 10 - Magnum_380_run_4_9.2mph_2,0,0,1.047,0.03,0.249,0.524,0.035,-1.035,-0.008,-0.003,4.013,14.448,-0.004,14.448,-0.009,243.612,60.75,2.094,1.427,0.098,9.8,0.85,2.65,4.32,0.124,0.098,0.124,0,0,0,-0.095,-0.106,0.416,0.039,0.306,0.675,0.044,1.077,Heading
5165d2f7-36a3-429d-ace7-2f7de7afcb9c,2026-06-30T17:40:43.550000+00:00,4.034,Run 11 - Magnum_380_run_4_9.2mph_3,0,0,1.204,0.023,0.308,0.458,0.037,-1.186,0.002,0.2,4.034,14.524,-0.005,14.524,0.031,207.374,51.5,2.609,2.122,0.065,6.5,1.14,2.14,2.821,0.109,0.059,0.109,0,0,0,-0.065,-0.044,0.475,0.028,0.325,0.59,0.033,1.205,Heading
95f0a3fa-a620-4a93-ad09-cf7d981e32b5,2026-06-30T17:45:39.250000+00:00,5.378,Run 12 - Magnum_380_run_5_12.4mph_1,0,0,1.194,0.028,0.312,0.562,0.036,-1.193,-0.009,-0.037,5.378,19.36,0.008,19.36,0.004,283.406,52.75,2.84,2.522,0.085,8.5,1.34,2.986,4.133,0.131,0.083,0.131,0,0,0,-0.085,-0.085,0.491,0.033,0.393,0.733,0.043,1.261,Heading
486b8948-9091-4355-9f96-20855e0230d2,2026-06-30T17:49:28.450000+00:00,5.338,Run 13 - Magnum_380_run_5_12.4mph_2,0,0,1.268,0.045,0.336,0.499,0.046,-1.268,-0.011,0.182,5.338,19.217,-0.014,19.217,0,261.037,48.95,2.62,1.261,0.141,14.1,1.42,2.864,4.462,0.142,0.1,0.113,0,0,0,-0.141,-0.142,0.553,0.056,0.373,0.644,0.058,1.296,Heading
90061430-89ac-4271-adef-4c5e5cfa61fc,2026-06-30T17:55:15.450000+00:00,5.375,Run 14 - Magnum_380_run_5_12.4mph_3,0,0,1.213,0.059,0.206,0.424,0.056,-1.205,-0.017,0.077,5.375,19.349,-0.004,19.349,-0.008,318.724,59.35,2.103,1.355,0.195,19.5,0.95,2.631,3.005,0.2,0.195,0.2,0,0,0,-0.148,-0.149,0.508,0.07,0.252,0.557,0.071,1.235,Heading
fee3693b-6581-48a2-9ba3-259db3eecff5,2026-06-30T18:11:56.700000+00:00,2.215,Run 15 - Magnum_380_run_6_5mph_1,0,0,2.65,0.021,0.38,2.126,0.184,-1.072,-0.009,0.33,2.215,7.973,0.008,7.973,0.004,252.028,113.85,7.284,5.322,0.081,8.1,1.18,6.357,6.116,0.338,0.081,0.338,0,0,0,-0.071,-0.316,2.922,0.025,0.311,2.505,0.206,1.333,Curve
00ea4776-d38b-4ce0-b1e3-073a691823b2,2026-06-30T18:15:13.900000+00:00,2.223,Run 16 - Magnum_380_run_6_5mph_2,0,0,2.623,0.017,0.266,2.065,0.166,-1.216,-0.009,-0.15,2.223,8.003,-0.012,8.003,-0.017,259.438,116.75,6.718,2.956,0.062,6.2,1.28,5.988,5.161,0.324,0.036,0.285,0,0,0,-0.062,-0.324,2.796,0.019,0.295,2.435,0.19,1.357,Curve
28b65015-cc2e-4f91-89e1-ef7c891139d0,2026-06-30T18:18:18.600000+00:00,2.215,Run 17 - Magnum_380_run_6_5mph_3,0,0,2.862,0.015,0.37,2.152,0.179,-1.087,0.003,0.292,2.215,7.975,0.025,7.975,0.04,249.228,112.55,6.451,3.376,0.051,5.1,1.39,6.347,5.976,0.437,0.042,0.437,0,0,0,-0.051,-0.227,3.02,0.018,0.346,2.561,0.208,1.398,Curve
bf6d8398-198a-4b68-a225-d396bafb46ae,2026-06-30T18:28:31.300000+00:00,2.201,Run 18 - Magnum_380_run_7_5mph_1,0,0,5.222,0.03,0.257,4.145,0.406,-0.992,-0.008,-0.063,2.201,7.924,-0.013,7.924,-0.011,253.576,115.25,11.712,5.641,0.097,9.7,1.49,10.578,6.471,0.699,0.083,0.673,0,0,0,-0.097,-0.699,5.824,0.036,0.322,4.729,0.448,1.594,Curve
0d94655f-16b6-4ad5-83a4-03f476d0f2e2,2026-06-30T18:31:46.100000+00:00,2.202,Run 19 - Magnum_380_run_7_5mph_2,0,0,4.997,0.029,0.324,4.083,0.383,-1.038,-0.012,0.223,2.202,7.927,0.021,7.927,0.006,257.177,116.85,10.828,4.748,0.094,9.4,1.4,10,6.474,0.633,0.064,0.633,0,0,0,-0.094,-0.608,5.551,0.034,0.331,4.632,0.426,1.481,Curve
389405e7-66b8-4674-ab7b-5802026c1a42,2026-06-30T18:34:59.750000+00:00,2.206,Run 20 - Magnum_380_run_7_5mph_3,0,0,4.644,0.025,0.249,4.005,0.375,-0.883,-0.005,-0.061,2.206,7.94,0.024,7.94,-0.009,268.745,121.9,9.818,5.212,0.092,9.2,1.39,10.289,7.06,0.635,0.092,0.635,0,0,0,-0.086,-0.631,5.256,0.033,0.318,4.589,0.423,1.356,Curve
5f9fdc97-7054-4552-b642-753e0c338097,2026-06-30T18:43:32.200000+00:00,3.312,Run 21 - Magnum_380_run_8_8mph_1,0,0,2.314,0.05,0.338,1.885,0.137,-0.734,-0.017,0.277,3.312,11.923,0.407,11.923,0.026,245.746,74.25,6.271,3.656,0.158,15.8,1.44,5.624,4.103,0.301,0.158,0.301,0,0,0,-0.115,-0.272,2.642,0.056,0.329,2.214,0.154,1.331,Curve
6d545767-60cd-48b1-b54a-ed9d775c7eba,2026-06-30T18:45:46.400000+00:00,3.528,Run 22 - Magnum_380_run_8_8mph_2,0,0,2.496,0.077,0.323,1.874,0.154,-0.975,-0.04,-0.139,3.528,12.702,-0.003,12.702,-0.053,309.087,87.65,6.064,3.354,0.251,25.1,1.34,5.968,4.919,0.349,0.148,0.283,0,0,0,-0.251,-0.349,2.771,0.09,0.391,2.276,0.177,1.25,Curve
139f5833-c212-466e-98a7-828a9b345bc7,2026-06-30T18:53:56.100000+00:00,3.528,Run 23 - Magnum_380_run_8_8mph_3,0,0,2.492,0.066,0.403,2.022,0.13,-1.259,-0.029,0.327,3.528,12.699,0.001,12.699,-0.019,263.517,74.75,6.727,2.931,0.142,14.2,2.01,6.13,5.218,0.35,0.142,0.265,0,0,0,-0.137,-0.35,2.849,0.069,0.394,2.431,0.157,1.416,Curve
845566a8-73db-449f-800f-ca1d17ecf523,2026-06-30T19:00:01.050000+00:00,1.591,Run 24 - Magnum_380_run_9_3.6mph_1,0,0,1.526,0.028,0.208,0.971,0.036,-1.511,-0.027,-0.199,1.591,5.727,-0.151,5.727,-0.034,30.785,19.4,4.123,2.106,0.057,5.7,0.5,3.387,4.382,0.098,0.007,0.016,0,0,0,-0.057,-0.098,1.064,0.016,0.132,1.226,0.03,1.487,Heading
82997eee-14fb-4414-b604-67206efcfa0b,2026-06-30T19:04:19.500000+00:00,2.199,Run 25 - Magnum_380_run_10_5mph_1,0,0,1.383,0.032,0.252,1.112,0.04,-1.296,-0.024,-0.066,2.199,7.917,0.06,7.917,-0.016,51.678,23.55,3.192,3.05,0.084,8.4,0.93,3.773,6.313,0.078,0.046,0.057,0,0,0,-0.084,-0.078,0.925,0.03,0.326,1.381,0.042,1.579,Heading
dd06fbc7-bdc4-412b-8c5c-3fcbf38c30f9,2026-06-30T19:10:25.850000+00:00,3.573,Run 26 - Magnum_380_run_11_8mph_1,0,0,1.257,0.022,0.347,0.476,0.029,-1.257,-0.01,0.32,3.573,12.863,0.017,12.863,0.016,134.168,37.6,2.662,1.494,0.074,7.4,1.14,2.807,3.922,0.088,0.038,0.088,0,0,0,-0.074,-0.08,0.406,0.026,0.254,0.621,0.032,1.299,Heading
e7b6ff56-7a4c-4be9-86fc-18521737126c,2026-06-30T19:13:53.600000+00:00,3.566,Run 27 - Magnum_380_run_11_8mph_2,0,0,1.356,0.026,0.369,0.426,0.029,-1.356,-0.014,-0.323,3.566,12.839,-0.02,12.839,-0.018,96.295,27.05,2.534,1.364,0.071,7.1,1,2.32,3.35,0.082,0.057,0.054,0,0,0,-0.071,-0.082,0.391,0.028,0.286,0.561,0.032,1.343,Heading
c0c44c8d-7962-4f2c-ad29-fba50384558d,2026-06-30T20:38:30.600000+00:00,1.608,Run 28 - Magnum_380_run_12_3.6mph_1,0,0,1.374,0.019,0.132,0.588,0.014,-1.374,-0.019,-0.097,1.608,5.789,-0.009,5.789,-0.006,38.434,23.95,2.768,2.104,0.049,4.9,0.5,2.375,3.159,0.03,0,0.03,0,0,0,-0.049,-0.029,0.564,0.011,0.133,0.753,0.015,1.377,Heading
9993ab5b-fab9-4cfb-bd88-1006ca9f8bc4,2026-06-30T20:41:52.300000+00:00,1.603,Run 29 - Magnum_380_run_13_3.6mph_1,0,0,1.332,0.017,0.107,0.656,0.019,-1.323,-0.016,-0.026,1.603,5.772,0.02,5.772,-0.009,63.649,39.75,2.919,2.344,0.05,5,0.44,2.85,3.234,0.055,0.006,0.055,0,0,0,-0.05,-0.037,0.647,0.012,0.139,0.831,0.02,1.356,Heading
fac417b8-202b-423e-a131-bd28b8301c34,2026-06-30T20:45:24.850000+00:00,2.231,Run 30 - Magnum_380_run_14_5mph_1,0,0,1.403,0.03,0.124,0.605,0.043,-1.366,-0.029,-0.058,2.231,8.033,-0.036,8.033,-0.042,77.426,34.75,3.135,2.707,0.085,8.5,0.47,3.283,3.746,0.144,0.009,0.017,0,0,0,-0.085,-0.144,0.694,0.024,0.145,0.804,0.036,1.363,Heading
a1befcff-0721-4f52-93f3-0ed61245a04b,2026-06-30T20:48:48.650000+00:00,2.233,Run 31 - Magnum_380_run_15_5mph_1,0,0,1.35,0.035,0.147,0.642,0.05,-1.32,-0.033,0.056,2.233,8.038,-0.002,8.038,-0.046,95.564,42.85,3.323,2.656,0.091,9.1,0.56,3.398,3.725,0.143,0.018,0.034,0,0,0,-0.091,-0.143,0.721,0.027,0.182,0.828,0.042,1.347,Heading
05db1c3e-615d-4460-98a6-f8a660ff5e4e,2026-06-30T20:52:25.100000+00:00,3.573,Run 32 - Magnum_380_run_16_8mph_1,0,0,1.334,0.017,0.177,0.339,0.012,-1.334,-0.015,0.093,3.573,12.864,0.015,12.864,-0.002,72.359,20.3,2.004,1.03,0.049,4.9,0.62,1.584,1.792,0.03,0.015,0.03,0,0,0,-0.049,-0.027,0.249,0.013,0.206,0.424,0.014,1.35,Heading
908dc85c-5ac5-4ec6-b0bb-55f5d9870dd8,2026-06-30T20:55:25.300000+00:00,3.579,Run 33 - Magnum_380_run_17_8mph_1,0,0,1.293,0.023,0.208,0.489,0.033,-1.293,-0.007,0.08,3.579,12.884,0.035,12.884,0.012,70.683,19.8,2.389,1.756,0.071,7.1,0.7,2.311,3.033,0.11,0.071,0.11,0.001,0,0,-0.05,-0.058,0.443,0.028,0.242,0.64,0.04,1.332,Heading
8999991c-7c23-4dbb-90f5-7a0e3d472128,2026-06-30T21:09:08.450000+00:00,1.599,Run 34 - Magnum_380_run_18_3.6mph_1,0,0,1.539,0.022,0.266,0.906,0.025,-1.475,-0.019,0.234,1.599,5.755,-0.043,5.755,0.009,56.761,35.55,3.484,3.2,0.05,5,0.68,3.537,4.798,0.072,0.049,0.072,0,0,0,-0.05,-0.052,0.906,0.018,0.198,1.147,0.031,1.534,Heading
2af6fd1b-a0b1-4fe1-8e0d-39c0f87b90ce,2026-06-30T21:13:04.300000+00:00,1.601,Run 35 - Magnum_380_run_19_3.6mph_1,0,0,1.432,0.022,0.237,1.023,0.033,-1.381,-0.017,0.231,1.601,5.763,-0.03,5.763,0.005,61.866,38.7,4.973,3.567,0.059,5.9,0.68,5.009,5.439,0.076,0.026,0.063,0,0,0,-0.059,-0.076,1.166,0.02,0.156,1.346,0.037,1.458,Heading
597c4f75-b454-4f37-9ce9-72bda6b51849,2026-06-30T21:16:53.250000+00:00,2.226,Run 36 - Magnum_380_run_20_5mph_1,0,0,1.391,0.021,0.278,0.783,0.03,-1.341,-0.017,0.272,2.226,8.015,0.05,8.015,0.019,78.596,35.35,3.963,3.782,0.064,6.4,0.69,3.121,4.57,0.094,0.03,0.094,0,0,0,-0.064,-0.052,0.847,0.02,0.164,1.022,0.033,1.471,Heading
1cf57c8a-a915-4a56-954a-bbe92aab417c,2026-06-30T21:20:32.050000+00:00,2.227,Run 37 - Magnum_380_run_21_5mph_1,0,0,1.401,0.026,0.247,0.804,0.029,-1.375,-0.019,0.228,2.227,8.016,0.027,8.016,0.005,126.252,56.75,4.931,3.329,0.07,7,0.78,3.646,4.785,0.105,0.053,0.105,0,0,0,-0.07,-0.077,0.791,0.023,0.181,1.015,0.039,1.5,Heading
