Kringle Event UUID,Kringle Event Start Datetime (UTC),AVGVelocity (mps),ABSEngageAngle (deg),ABSEngageOffset (m),Data Source,IMPSettlingDistance (m),IMPSettlingTime (s),AVGABSCommandAngle (deg),AVGABSIMPXTE (m),AVGABSRoll (deg),AVGABSSteeringAngle (deg),AVGABSXTE (m),AVGCommandAngle (deg),AVGIMPXTE (m),AVGRoll (deg),AVGSpeed (mps),AVGSteeringAngle (deg),AVGXTE (m),Distance (m),Duration (s),MAXABSCommandAngle (deg),MAXABSCommandSlew (dps),MAXABSIMPXTE (m),MAXABSRoll (deg),MAXABSSteeringAngle (deg),MAXABSSteeringSlew (dps),MAXABSXTE (m),MAXIMPXTE (m),MAXXTE (m),MINABSIMPXTE (m),MINABSRoll (deg),MINABSXTE (m),MINIMPXTE (m),MINXTE (m),Overshoot (m),STDCommandAngle (deg),STDIMPXTE (m),STDRoll (deg),STDSteeringAngle (deg),STDXTE (m),SettlingDistance (m),SettlingTime (s),SteeringDelay (deg),SwathType (None)
14ca2371-9e32-457c-9099-78c04e0a6417,2026-04-16T17:59:23.900000+00:00,0.562,0.267,0.123,Run 1 - Magnum_380_straight_1.25mph_run1,0.0,0.0,1.055,0.035,0.167,0.804,0.04,-1.053,0.035,0.08,0.562,0.001,0.036,34.814,62.05,1.924,1.229,0.059,0.49,3.306,5.361,0.123,0.059,0.123,0.004,0.0,0.0,0.004,-0.018,,0.364,0.015,0.187,1.015,0.036,0.0,0.0,1.213,Heading
324648e5-47fb-47e7-9aff-c6aa7f3f4875,2026-04-16T18:00:26.950000+00:00,0.569,0.237,0.019,Run 2 - Magnum_380_straight_1.25mph_run2,0.0,0.0,1.103,0.015,0.173,0.769,0.009,-1.103,-0.015,0.067,0.569,-0.048,-0.002,36.998,65.1,2.025,1.209,0.028,0.55,3.595,5.36,0.023,0.007,0.014,0.0,0.0,0.0,-0.028,-0.023,,0.34,0.008,0.204,0.976,0.011,0.0,0.0,1.207,Heading
0ae11a4a-d15a-46e2-bfa9-15f582377f71,2026-04-16T18:01:33+00:00,0.575,0.312,0.011,Run 3 - Magnum_380_straight_1.25mph_run3,0.0,0.0,0.916,0.009,0.113,0.814,0.015,-0.916,-0.009,0.057,0.575,0.033,0.015,35.892,62.5,1.626,1.309,0.031,0.39,3.52,6.48,0.036,0.001,0.036,0.0,0.0,0.0,-0.031,-0.006,,0.314,0.007,0.123,1.021,0.011,0.0,0.0,1.144,Heading
b20a8ab4-11df-439f-9230-588768a62876,2026-04-16T18:03:22.200000+00:00,1.36,0.732,0.039,Run 4 - Magnum_380_straight_3.1mph_run1,0.0,0.0,1.165,0.01,0.195,0.769,0.03,-1.037,0.001,0.171,1.36,0.048,0.026,91.772,67.55,3.934,2.62,0.038,0.7,3.467,4.508,0.076,0.038,0.076,0.0,0.0,0.0,-0.029,-0.031,,0.933,0.012,0.17,0.981,0.027,0.0,0.0,1.184,Heading
6f1a2486-d3ef-4617-8d22-37fd6050184b,2026-04-16T18:04:32.800000+00:00,1.355,0.219,0.005,Run 5 - Magnum_380_straight_3.1mph_run2,0.0,0.0,1.17,0.019,0.243,0.827,0.033,-1.039,0.005,0.095,1.355,-0.011,0.015,84.241,62.2,4.47,3.377,0.064,0.74,4.021,4.485,0.121,0.064,0.121,0.0,0.0,0.0,-0.032,-0.049,,0.962,0.024,0.286,1.063,0.043,0.0,0.0,1.158,Heading
477a4033-fd06-42b1-a590-d3cbcfb20ed1,2026-04-16T18:07:56.600000+00:00,1.357,1.41,0.113,Run 6 - Magnum_380_straight_3.1mph_run3,8.832,6.5,1.266,0.018,0.292,0.77,0.051,-1.135,0.007,0.276,1.357,-0.001,0.051,84.935,62.65,3.778,2.616,0.054,0.65,3.6,3.748,0.137,0.054,0.137,0.0,0.0,0.0,-0.034,-0.014,0.0,0.999,0.022,0.158,0.989,0.035,8.832,6.5,1.203,Heading
c4f4bcb7-ed4a-4ae4-9cba-dea751db7a20,2026-04-16T18:09:30.750000+00:00,2.692,0.691,0.007,Run 7 - Magnum_380_straight_6.2mph_run1,4.179,1.55,0.966,0.022,0.325,0.49,0.036,-0.96,-0.008,0.281,2.692,0.017,0.024,166.934,62.05,2.684,2.074,0.065,0.9,2.078,2.975,0.102,0.049,0.102,0.0,0.0,0.0,-0.065,-0.07,0.05,0.487,0.025,0.263,0.615,0.038,4.179,1.55,1.002,Heading
4720cc8a-8efa-41c8-9ff4-3729e7dd6530,2026-04-16T18:12:05.250000+00:00,2.712,0.867,0.044,Run 8 - Magnum_380_straight_6.2mph_run2,2.328,0.85,1.16,0.019,0.248,0.586,0.033,-1.148,-0.002,0.185,2.712,-0.015,0.013,177.074,65.35,3.361,2.414,0.06,1.01,2.694,4.028,0.097,0.06,0.097,0.0,0.0,0.0,-0.06,-0.071,0.0,0.69,0.024,0.247,0.755,0.036,2.328,0.85,1.177,Heading
c75fd248-1eb2-4fca-afba-ba7fc0790c01,2026-04-16T18:17:03.800000+00:00,2.699,0.28,0.037,Run 9 - Magnum_380_straight_6.2mph_run3,0.0,0.0,0.978,0.015,0.199,0.511,0.03,-0.927,-0.003,-0.176,2.699,0.013,0.02,173.983,64.5,2.573,2.613,0.053,0.7,2.099,3.301,0.102,0.045,0.102,0.0,0.0,0.0,-0.053,-0.057,,0.617,0.02,0.154,0.653,0.033,0.0,0.0,0.988,Heading
b67ef4be-9c3f-46fd-9b5d-1f5789996967,2026-04-16T18:20:47.750000+00:00,4.017,0.133,0.031,Run 10 - Magnum_380_straight_9.2mph_run1,0.0,0.0,1.11,0.029,0.406,0.433,0.041,-1.105,0.001,0.401,4.017,-0.008,0.027,246.384,61.4,2.573,1.851,0.129,1.05,2.135,2.818,0.179,0.129,0.179,0.0,0.0,0.0,-0.085,-0.084,,0.512,0.039,0.214,0.552,0.047,0.0,0.0,1.118,Heading
2e13487e-8a89-4fa6-9efe-bdee7aabffdf,2026-04-16T18:23:30.150000+00:00,3.967,0.08,0.017,Run 11 - Magnum_380_straight_9.2mph_run2,18.033,4.55,1.174,0.035,0.231,0.442,0.045,-1.167,0.001,-0.151,3.967,-0.02,0.021,269.516,68.0,2.854,2.198,0.106,0.87,2.368,2.884,0.157,0.106,0.157,0.0,0.0,0.0,-0.082,-0.094,0.041,0.562,0.043,0.233,0.574,0.052,18.033,4.55,1.175,Heading
b5633b94-88ed-4ae9-8d32-8be15cad6891,2026-04-16T18:26:57.250000+00:00,4.056,0.673,0.09,Run 12 - Magnum_380_straight_9.2mph_run3,163.131,40.2,1.073,0.042,0.201,0.405,0.05,-1.068,-0.003,0.062,4.056,0.001,0.016,264.852,65.35,2.485,1.946,0.144,1.15,2.044,2.761,0.152,0.113,0.152,0.0,0.0,0.0,-0.144,-0.141,0.152,0.486,0.052,0.252,0.514,0.062,163.131,40.2,1.08,Heading
a87f5f6e-b538-48cd-8e78-604432ced956,2026-04-16T18:35:58.050000+00:00,5.371,0.67,0.09,Run 13 - Magnum_380_straight_12.4mph_run1,52.267,9.65,0.756,0.042,0.317,0.358,0.05,-0.727,0.011,0.263,5.371,0.003,0.018,325.476,60.65,1.921,1.611,0.171,1.33,1.966,2.546,0.193,0.171,0.193,0.0,0.0,0.0,-0.087,-0.092,0.092,0.448,0.056,0.297,0.461,0.061,52.267,9.65,0.818,Heading
2d0900c2-392e-4fed-b9f7-494db4dcf250,2026-04-16T18:39:03.250000+00:00,5.465,0.162,0.024,Run 14 - Magnum_380_straight_12.4mph_run2,0.0,0.0,1.054,0.024,0.291,0.323,0.045,-1.054,0.01,0.206,5.465,0.006,0.043,330.068,60.45,1.857,1.059,0.076,1.17,1.713,2.382,0.12,0.076,0.12,0.0,0.0,0.0,-0.049,-0.033,,0.282,0.028,0.292,0.41,0.033,0.0,0.0,1.071,Heading
14e21f72-b867-4769-920e-0f07867fd79b,2026-04-16T18:44:46.350000+00:00,5.425,0.739,0.015,Run 15 - Magnum_380_straight_12.4mph_run3,0.0,0.0,0.953,0.024,0.202,0.352,0.03,-0.953,0.008,0.008,5.425,-0.002,0.027,332.818,61.4,1.957,1.098,0.105,1.12,1.609,2.424,0.119,0.105,0.119,0.0,0.0,0.0,-0.077,-0.038,,0.276,0.03,0.267,0.444,0.028,0.0,0.0,0.96,Heading
d45b4db4-6fcc-409f-aebf-38b8cf3c7ca0,2026-04-16T19:00:09.350000+00:00,2.309,0.68,0.02,Run 16 - Magnum_380_curve1deg_5mph_run1,0.0,0.0,2.493,0.02,0.261,2.065,0.156,-1.024,-0.005,0.018,2.309,0.012,0.003,265.335,114.95,6.306,2.889,0.071,1.34,7.29,5.702,0.3,0.051,0.3,0.0,0.0,0.001,-0.071,-0.277,,2.719,0.024,0.339,2.411,0.177,0.0,0.0,1.218,Curve
5fb396fa-7bc4-43b4-b94b-1fe41e7a3218,2026-04-16T19:03:25.450000+00:00,2.308,0.498,0.031,Run 17 - Magnum_380_curve1deg_5mph_run2,0.0,0.0,2.491,0.019,0.39,2.125,0.173,-1.033,-0.01,0.353,2.308,-0.004,0.013,259.68,112.55,7.472,4.88,0.061,1.69,7.227,6.046,0.355,0.043,0.27,0.0,0.0,0.0,-0.061,-0.355,,2.874,0.021,0.307,2.497,0.197,0.0,0.0,1.219,Curve
8c8db498-eea8-41fc-b94e-cdc818b1efd1,2026-04-16T19:07:28.950000+00:00,2.209,1.135,0.049,Run 18 - Magnum_380_curve1deg_5mph_run3,0.0,0.0,2.448,0.019,0.239,2.115,0.189,-0.994,0.004,-0.046,2.209,-0.011,0.018,268.3,121.5,10.31,3.69,0.056,1.2,9.178,6.104,0.484,0.056,0.26,0.0,0.0,0.0,-0.045,-0.484,,3.115,0.022,0.293,2.634,0.221,0.0,0.0,1.219,Curve
b3b1df3c-7f75-404a-bbb9-c051791fd5e4,2026-04-16T19:24:04.650000+00:00,2.217,0.842,0.022,Run 19 - Magnum_380_curve2deg_5mph_run1,12.852,5.8,4.879,0.027,0.362,4.009,0.376,-0.764,0.004,0.324,2.217,0.047,0.04,264.893,119.55,11.527,5.635,0.094,1.49,10.497,6.538,0.698,0.078,0.698,0.0,0.0,0.0,-0.094,-0.584,0.393,5.571,0.033,0.309,4.601,0.42,12.852,5.8,1.451,Curve
a72f8606-6e82-405f-b5b8-d8860b490cf2,2026-04-16T19:27:21.900000+00:00,2.217,0.47,0.019,Run 20 - Magnum_380_curve2deg_5mph_run2,0.0,0.0,4.613,0.022,0.204,3.932,0.362,-0.986,-0.002,0.014,2.217,0.03,0.007,280.04,126.35,16.902,9.876,0.109,1.41,14.982,10.387,1.026,0.087,0.473,0.0,0.0,0.0,-0.109,-1.026,,5.866,0.032,0.263,4.865,0.44,0.0,0.0,1.516,Curve
f285c36d-5388-4518-b46a-087920230e04,2026-04-16T19:30:33.250000+00:00,2.218,0.12,0.023,Run 21 - Magnum_380_curve2deg_5mph_run3,0.0,0.0,4.773,0.023,0.29,4.095,0.384,-0.895,0.0,0.252,2.218,-0.019,0.019,263.736,118.95,18.513,10.689,0.11,1.04,16.923,10.633,0.982,0.11,0.507,0.0,0.0,0.001,-0.079,-0.982,,5.958,0.032,0.245,5.003,0.448,0.0,0.0,1.386,Curve
d4ac7ed1-4ebc-40c9-ad4e-287154d25f9e,2026-04-16T19:41:16.100000+00:00,3.546,0.38,0.014,Run 22 - Magnum_380_curve1deg_8mph_run1,,,2.758,0.072,0.26,2.107,0.138,-0.998,0.002,-0.11,3.546,0.012,0.0,256.008,72.25,5.534,2.509,0.165,1.38,4.985,3.973,0.378,0.154,0.378,0.0,0.0,0.0,-0.165,-0.234,,2.927,0.081,0.307,2.391,0.16,,,1.139,Curve
d5b8b419-27ea-490c-a245-e29a7bdac6e9,2026-04-16T19:44:27.500000+00:00,3.533,0.206,0.023,Run 23 - Magnum_380_curve1deg_8mph_run2,,,2.393,0.062,0.285,1.896,0.139,-0.932,-0.004,0.225,3.533,0.111,0.041,281.711,79.8,7.205,2.55,0.153,1.53,5.327,4.603,0.323,0.153,0.303,0.0,0.0,0.001,-0.141,-0.323,,2.835,0.071,0.29,2.284,0.154,,,1.187,Curve
1627e22f-be57-48b6-a804-c06d64314f0e,2026-04-16T19:46:56.850000+00:00,3.521,1.158,0.005,Run 24 - Magnum_380_curve1deg_8mph_run3,154.236,43.75,2.531,0.067,0.242,1.959,0.128,-1.011,-0.01,-0.069,3.521,0.014,-0.012,270.749,76.95,6.727,2.805,0.152,1.36,6.194,4.136,0.377,0.152,0.268,0.0,0.0,0.0,-0.136,-0.377,0.377,2.94,0.075,0.295,2.342,0.156,154.236,43.75,1.149,Curve
cd5daeda-1440-48c2-8434-101dd972b893,2026-04-16T19:58:09.900000+00:00,1.611,2.488,4.827,Run 25 - Magnum_380_aqc_parallel_3.6mph_run1,37.974,23.65,3.773,0.759,0.288,3.295,0.43,-1.253,-0.75,0.208,1.611,-0.117,-0.388,111.27,69.1,27.082,24.145,4.883,1.25,28.029,23.198,4.895,0.044,0.275,0.0,0.0,0.0,-4.883,-4.895,0.275,7.289,1.53,0.299,6.678,1.192,37.974,23.65,1.9,Heading
647849e9-60dd-4881-b667-b268fdf30fa0,2026-04-16T20:00:50.200000+00:00,2.227,1.521,4.381,Run 26 - Magnum_380_aqc_parallel_5mph_run1,49.554,22.35,2.769,0.509,0.247,2.179,0.291,-1.129,-0.465,0.148,2.227,-0.002,-0.211,153.743,69.1,27.082,24.495,4.542,1.09,24.877,22.734,4.381,0.12,0.225,0.0,0.0,0.0,-4.542,-4.381,0.114,5.42,1.233,0.267,4.926,0.889,49.554,22.35,1.706,Heading
be4d5d47-893e-4609-b2a1-9b879f48551a,2026-04-16T20:04:57.500000+00:00,3.554,0.2,4.508,Run 27 - Magnum_380_aqc_parallel_8mph_run1,,,2.716,0.404,0.227,2.039,0.291,-1.242,-0.365,-0.139,3.554,-0.001,-0.162,223.573,62.95,27.082,25.338,4.611,1.39,25.271,28.191,4.509,0.099,0.901,0.0,0.0,0.0,-4.611,-4.509,,5.543,1.14,0.272,5.09,0.88,,,2.098,Heading
2ef86a46-67f6-4570-8f16-0cc8f75297c8,2026-04-16T20:54:48.650000+00:00,1.609,27.488,3.764,Run 28 - Magnum_380_aqc_30deg_10ft__3.6mph_run1,29.852,18.6,2.789,0.568,0.191,2.571,0.16,-1.916,0.542,0.051,1.609,-0.756,0.108,111.59,69.4,27.082,23.979,7.68,0.81,26.559,26.813,3.764,7.68,3.764,0.0,0.0,0.0,-0.061,-0.331,0.331,5.138,1.503,0.237,4.947,0.534,29.852,18.6,1.845,Heading
3ac626d6-ed31-4005-9693-95bee8ba87ca,2026-04-16T20:59:13.850000+00:00,1.607,29.438,7.714,Run 29 - Magnum_380_aqc_30deg_25ft__3.6mph_run1,47.078,29.4,2.935,1.116,0.2,2.587,0.452,-1.913,1.099,-0.001,1.607,-0.735,0.401,124.523,77.55,27.082,21.57,11.74,0.93,27.335,22.717,7.714,11.74,7.714,0.0,0.0,0.0,-0.061,-0.394,0.394,5.456,2.689,0.26,5.183,1.418,47.078,29.4,1.812,Heading
875666aa-d9c5-4330-bc5b-c70f90a27e37,2026-04-16T21:04:14.500000+00:00,2.237,29.118,3.4,Run 30 - Magnum_380_aqc_30deg_10ft__5mph_run1,28.827,12.95,2.237,0.6,0.222,2.004,0.135,-1.902,0.584,-0.039,2.237,-0.834,0.11,108.058,48.35,27.082,24.653,7.479,0.89,25.235,23.379,3.4,7.479,3.4,0.0,0.0,0.0,-0.037,-0.179,0.179,4.518,1.534,0.276,4.3,0.493,28.827,12.95,1.634,Heading
f30b5147-4def-4334-a933-05e24a354c07,2026-04-16T21:08:39.350000+00:00,2.236,29.578,7.753,Run 31 - Magnum_380_aqc_30deg_25ft__5mph_run1,44.577,20.0,2.59,1.28,0.232,2.301,0.508,-1.884,1.252,-0.022,2.236,-0.845,0.455,111.45,49.9,27.082,22.369,11.883,1.24,27.349,18.696,7.753,11.883,7.753,0.0,0.0,0.0,-0.053,-0.268,0.268,5.297,2.854,0.296,4.919,1.526,44.577,20.0,1.837,Heading
c88d4b65-03d8-4a12-8f4d-1627d644fe3b,2026-04-16T21:12:46.500000+00:00,3.555,29.018,3.609,Run 32 - Magnum_380_aqc_30deg_10ft__8mph_run1,,,2.179,0.71,0.314,1.779,0.199,-2.175,0.669,-0.089,3.555,-0.918,0.172,100.968,28.45,19.553,17.662,7.625,1.26,17.345,17.689,3.609,7.625,3.609,0.0,0.0,0.0,-0.065,-0.07,,3.514,1.641,0.375,3.433,0.579,,,1.969,Heading
9ecaa98d-eefd-42c1-ab38-18f8486f8960,2026-04-16T21:17:00.600000+00:00,3.54,29.848,7.59,Run 33 - Magnum_380_aqc_30deg_25ft__8mph_run1,100.378,28.4,2.394,0.97,0.429,2.201,0.387,-1.771,0.927,-0.256,3.54,-0.643,0.354,149.387,42.25,27.082,24.433,11.736,1.64,24.974,24.711,7.59,11.736,7.59,0.0,0.0,0.0,-0.084,-0.099,0.099,4.659,2.507,0.453,4.424,1.311,100.378,28.4,2.368,Heading
e5e93307-3f54-4375-8ef0-9b05c49aebd6,2026-04-16T21:39:21.900000+00:00,1.604,75.275,4.44,Run 34 - Magnum_380_aqc_75deg_10ft__3.6mph_run1,25.654,16.3,5.684,0.831,0.212,5.058,0.35,1.531,-0.76,-0.064,1.604,2.12,0.105,108.009,67.4,27.082,25.261,12.321,0.74,28.101,25.958,4.44,0.502,2.57,0.0,0.0,0.0,-12.321,-4.44,2.57,10.151,2.385,0.25,8.985,0.845,25.654,16.3,1.989,Heading
1308ccc0-52a3-4a26-acda-9f76e5221cf8,2026-04-16T21:42:50.900000+00:00,1.608,74.105,9.63,Run 35 - Magnum_380_aqc_75deg_30ft__3.6mph_run1,40.561,25.35,3.655,1.739,0.209,3.171,0.56,1.496,-1.727,-0.124,1.608,2.13,-0.488,107.349,66.8,25.621,18.967,17.52,0.63,24.609,17.694,9.63,0.033,0.465,0.0,0.0,0.0,-17.52,-9.63,0.465,6.822,3.932,0.221,5.934,1.713,40.561,25.35,1.546,Heading
6558818d-9d96-4f6a-b2ce-7e92390f4e3e,2026-04-16T21:50:18.500000+00:00,2.228,75.305,4.282,Run 36 - Magnum_380_aqc_75deg_10ft__5mph_run1,37.859,17.15,4.338,0.718,0.231,3.775,0.371,1.194,-0.485,-0.087,2.228,1.687,0.182,135.589,60.9,25.621,24.981,12.147,0.93,25.609,25.164,4.282,1.467,3.478,0.0,0.0,0.0,-12.147,-4.282,3.478,8.818,2.135,0.274,7.853,0.956,37.859,17.15,1.704,Heading
1e936139-a50a-425b-8868-9c20814c4126,2026-04-16T21:53:42+00:00,2.232,74.535,9.81,Run 37 - Magnum_380_aqc_75deg_30ft__5mph_run1,40.751,18.3,3.607,1.64,0.228,2.641,0.537,1.105,-1.632,-0.116,2.232,1.998,-0.463,116.375,52.2,25.621,24.051,17.701,1.14,23.749,21.311,9.81,0.029,0.291,0.0,0.0,0.0,-17.701,-9.81,0.291,6.809,3.855,0.262,5.719,1.699,40.751,18.3,1.986,Heading
1d030998-68f6-4387-b31b-1d151596c445,2026-04-16T22:03:38.950000+00:00,1.605,77.705,3.266,Run 38 - Magnum_380_aqc_75deg_10ft__3.6mph_run2,38.228,24.05,6.046,0.926,0.236,5.14,0.552,1.943,-0.455,-0.03,1.605,2.374,0.402,100.242,62.5,27.082,24.343,11.233,0.81,29.257,26.118,4.056,2.049,4.056,0.0,0.0,0.0,-11.233,-3.266,4.056,10.902,2.266,0.289,9.445,1.207,38.228,24.05,2.001,Heading
23b5d3fa-b395-4d12-86b5-4255f0e168c6,2026-04-16T22:06:49.450000+00:00,2.23,74.975,9.633,Run 39 - Magnum_380_aqc_75deg_30ft__5mph_run2,41.016,18.45,3.514,1.314,0.21,2.389,0.454,0.384,-1.298,0.013,2.23,1.632,-0.317,143.927,64.6,25.621,24.169,17.541,1.09,24.651,22.422,9.633,0.054,0.319,0.0,0.0,0.0,-17.541,-9.633,0.319,6.462,3.489,0.267,5.333,1.502,41.016,18.45,2.185,Heading
